{"file0": "data/midis/MIDI-Unprocessed_Chamber1_MID--AUDIO_07_R3_2018_wav--2.midi",
 "file1": "data/midis/MIDI-Unprocessed_Chamber2_MID--AUDIO_09_R3_2018_wav--1.midi",
 "file2": "data/midis/MIDI-Unprocessed_Chamber2_MID--AUDIO_09_R3_2018_wav--3.midi",
 "file3": "data/midis/MIDI-Unprocessed_Chamber3_MID--AUDIO_10_R3_2018_wav--1.midi",
 "file4": "data/midis/MIDI-Unprocessed_Chamber3_MID--AUDIO_10_R3_2018_wav--2.midi",
 "file5": "data/midis/MIDI-Unprocessed_Chamber3_MID--AUDIO_10_R3_2018_wav--3.midi",
 "file6": "data/midis/MIDI-Unprocessed_Chamber4_MID--AUDIO_11_R3_2018_wav--1.midi",
 "file7": "data/midis/MIDI-Unprocessed_Chamber4_MID--AUDIO_11_R3_2018_wav--3.midi",
 "file8": "data/midis/MIDI-Unprocessed_Chamber5_MID--AUDIO_18_R3_2018_wav--1.midi",
 "file9": "data/midis/MIDI-Unprocessed_Chamber5_MID--AUDIO_18_R3_2018_wav--2.midi",
 "file10": "data/midis/MIDI-Unprocessed_Chamber6_MID--AUDIO_20_R3_2018_wav--1.midi",
 "file11": "data/midis/MIDI-Unprocessed_Chamber6_MID--AUDIO_20_R3_2018_wav--2.midi",
 "file12": "data/midis/MIDI-Unprocessed_Chamber6_MID--AUDIO_20_R3_2018_wav--3.midi",
 "file13": "data/midis/MIDI-Unprocessed_Recital1-3_MID--AUDIO_01_R1_2018_wav--1.midi",
 "file14": "data/midis/MIDI-Unprocessed_Recital1-3_MID--AUDIO_01_R1_2018_wav--2.midi",
 "file15": "data/midis/MIDI-Unprocessed_Recital1-3_MID--AUDIO_01_R1_2018_wav--3.midi",
 "file16": "data/midis/MIDI-Unprocessed_Recital1-3_MID--AUDIO_01_R1_2018_wav--4.midi",
 "file17": "data/midis/MIDI-Unprocessed_Recital1-3_MID--AUDIO_02_R1_2018_wav--1.midi",
 "file18": "data/midis/MIDI-Unprocessed_Recital1-3_MID--AUDIO_02_R1_2018_wav--2.midi",
 "file19": "data/midis/MIDI-Unprocessed_Recital1-3_MID--AUDIO_02_R1_2018_wav--3.midi",
 "file20": "data/midis/MIDI-Unprocessed_Recital1-3_MID--AUDIO_02_R1_2018_wav--4.midi",
 "file21": "data/midis/MIDI-Unprocessed_Recital1-3_MID--AUDIO_03_R1_2018_wav--1.midi",
 "file22": "data/midis/MIDI-Unprocessed_Recital1-3_MID--AUDIO_03_R1_2018_wav--2.midi",
 "file23": "data/midis/MIDI-Unprocessed_Recital1-3_MID--AUDIO_03_R1_2018_wav--4.midi",
 "file24": "data/midis/MIDI-Unprocessed_Recital1-3_MID--AUDIO_03_R1_2018_wav--5.midi",
 "file25": "data/midis/MIDI-Unprocessed_Recital4_MID--AUDIO_04_R1_2018_wav--1.midi",
 "file26": "data/midis/MIDI-Unprocessed_Recital4_MID--AUDIO_04_R1_2018_wav--3.midi",
 "file27": "data/midis/MIDI-Unprocessed_Recital4_MID--AUDIO_04_R1_2018_wav--4.midi",
 "file28": "data/midis/MIDI-Unprocessed_Recital4_MID--AUDIO_04_R1_2018_wav--5.midi",
 "file29": "data/midis/MIDI-Unprocessed_Recital5-7_MID--AUDIO_05_R1_2018_wav--1.midi",
 "file30": "data/midis/MIDI-Unprocessed_Recital5-7_MID--AUDIO_05_R1_2018_wav--2.midi",
 "file31": "data/midis/MIDI-Unprocessed_Recital5-7_MID--AUDIO_05_R1_2018_wav--3.midi",
 "file32": "data/midis/MIDI-Unprocessed_Recital5-7_MID--AUDIO_06_R1_2018_wav--1.midi",
 "file33": "data/midis/MIDI-Unprocessed_Recital5-7_MID--AUDIO_06_R1_2018_wav--2.midi",
 "file34": "data/midis/MIDI-Unprocessed_Recital5-7_MID--AUDIO_06_R1_2018_wav--3.midi",
 "file35": "data/midis/MIDI-Unprocessed_Recital5-7_MID--AUDIO_07_R1_2018_wav--1.midi",
 "file36": "data/midis/MIDI-Unprocessed_Recital5-7_MID--AUDIO_07_R1_2018_wav--2.midi",
 "file37": "data/midis/MIDI-Unprocessed_Recital5-7_MID--AUDIO_07_R1_2018_wav--3.midi",
 "file38": "data/midis/MIDI-Unprocessed_Recital5-7_MID--AUDIO_07_R1_2018_wav--4.midi",
 "file39": "data/midis/MIDI-Unprocessed_Recital8_MID--AUDIO_08_R1_2018_wav--1.midi",
 "file40": "data/midis/MIDI-Unprocessed_Recital8_MID--AUDIO_08_R1_2018_wav--2.midi",
 "file41": "data/midis/MIDI-Unprocessed_Recital8_MID--AUDIO_08_R1_2018_wav--3.midi",
 "file42": "data/midis/MIDI-Unprocessed_Recital8_MID--AUDIO_08_R1_2018_wav--4.midi",
 "file43": "data/midis/MIDI-Unprocessed_Recital9-11_MID--AUDIO_09_R1_2018_wav--1.midi",
 "file44": "data/midis/MIDI-Unprocessed_Recital9-11_MID--AUDIO_09_R1_2018_wav--2.midi",
 "file45": "data/midis/MIDI-Unprocessed_Recital9-11_MID--AUDIO_09_R1_2018_wav--3.midi",
 "file46": "data/midis/MIDI-Unprocessed_Recital9-11_MID--AUDIO_09_R1_2018_wav--4.midi",
 "file47": "data/midis/MIDI-Unprocessed_Recital9-11_MID--AUDIO_09_R1_2018_wav--5.midi",
 "file48": "data/midis/MIDI-Unprocessed_Recital9-11_MID--AUDIO_09_R1_2018_wav--6.midi",
 "file49": "data/midis/MIDI-Unprocessed_Recital9-11_MID--AUDIO_10_R1_2018_wav--1.midi",
 "file50": "data/midis/MIDI-Unprocessed_Recital9-11_MID--AUDIO_10_R1_2018_wav--2.midi",
 "file51": "data/midis/MIDI-Unprocessed_Recital9-11_MID--AUDIO_10_R1_2018_wav--3.midi",
 "file52": "data/midis/MIDI-Unprocessed_Recital9-11_MID--AUDIO_10_R1_2018_wav--5.midi",
 "file53": "data/midis/MIDI-Unprocessed_Recital9-11_MID--AUDIO_11_R1_2018_wav--1.midi",
 "file54": "data/midis/MIDI-Unprocessed_Recital9-11_MID--AUDIO_11_R1_2018_wav--2.midi",
 "file55": "data/midis/MIDI-Unprocessed_Recital9-11_MID--AUDIO_11_R1_2018_wav--5.midi",
 "file56": "data/midis/MIDI-Unprocessed_Recital12_MID--AUDIO_12_R1_2018_wav--1.midi",
 "file57": "data/midis/MIDI-Unprocessed_Recital12_MID--AUDIO_12_R1_2018_wav--2.midi",
 "file58": "data/midis/MIDI-Unprocessed_Recital12_MID--AUDIO_12_R1_2018_wav--3.midi",
 "file59": "data/midis/MIDI-Unprocessed_Recital13-15_MID--AUDIO_13_R1_2018_wav--1.midi",
 "file60": "data/midis/MIDI-Unprocessed_Recital13-15_MID--AUDIO_13_R1_2018_wav--2.midi",
 "file61": "data/midis/MIDI-Unprocessed_Recital13-15_MID--AUDIO_13_R1_2018_wav--3.midi",
 "file62": "data/midis/MIDI-Unprocessed_Recital13-15_MID--AUDIO_14_R1_2018_wav--1.midi",
 "file63": "data/midis/MIDI-Unprocessed_Recital13-15_MID--AUDIO_14_R1_2018_wav--2.midi",
 "file64": "data/midis/MIDI-Unprocessed_Recital13-15_MID--AUDIO_14_R1_2018_wav--3.midi",
 "file65": "data/midis/MIDI-Unprocessed_Recital13-15_MID--AUDIO_14_R1_2018_wav--4.midi",
 "file66": "data/midis/MIDI-Unprocessed_Recital13-15_MID--AUDIO_15_R1_2018_wav--1.midi",
 "file67": "data/midis/MIDI-Unprocessed_Recital13-15_MID--AUDIO_15_R1_2018_wav--2.midi",
 "file68": "data/midis/MIDI-Unprocessed_Recital13-15_MID--AUDIO_15_R1_2018_wav--3.midi",
 "file69": "data/midis/MIDI-Unprocessed_Recital13-15_MID--AUDIO_15_R1_2018_wav--4.midi",
 "file70": "data/midis/MIDI-Unprocessed_Recital16_MID--AUDIO_16_R1_2018_wav--2.midi",
 "file71": "data/midis/MIDI-Unprocessed_Recital16_MID--AUDIO_16_R1_2018_wav--3.midi",
 "file72": "data/midis/MIDI-Unprocessed_Recital17-19_MID--AUDIO_17_R1_2018_wav--1.midi",
 "file73": "data/midis/MIDI-Unprocessed_Recital17-19_MID--AUDIO_17_R1_2018_wav--2.midi",
 "file74": "data/midis/MIDI-Unprocessed_Recital17-19_MID--AUDIO_17_R1_2018_wav--3.midi",
 "file75": "data/midis/MIDI-Unprocessed_Recital17-19_MID--AUDIO_17_R1_2018_wav--4.midi",
 "file76": "data/midis/MIDI-Unprocessed_Recital17-19_MID--AUDIO_18_R1_2018_wav--1.midi",
 "file77": "data/midis/MIDI-Unprocessed_Recital17-19_MID--AUDIO_18_R1_2018_wav--2.midi",
 "file78": "data/midis/MIDI-Unprocessed_Recital17-19_MID--AUDIO_18_R1_2018_wav--3.midi",
 "file79": "data/midis/MIDI-Unprocessed_Recital17-19_MID--AUDIO_19_R1_2018_wav--1.midi",
 "file80": "data/midis/MIDI-Unprocessed_Recital17-19_MID--AUDIO_19_R1_2018_wav--2.midi",
 "file81": "data/midis/MIDI-Unprocessed_Recital17-19_MID--AUDIO_19_R1_2018_wav--3.midi",
 "file82": "data/midis/MIDI-Unprocessed_Recital17-19_MID--AUDIO_19_R1_2018_wav--4.midi",
 "file83": "data/midis/MIDI-Unprocessed_Recital17-19_MID--AUDIO_19_R1_2018_wav--5.midi",
 "file84": "data/midis/MIDI-Unprocessed_Recital17-19_MID--AUDIO_19_R1_2018_wav--6.midi",
 "file85": "data/midis/MIDI-Unprocessed_Recital20_MID--AUDIO_20_R1_2018_wav--3.midi",
 "file86": "data/midis/MIDI-Unprocessed_Recital20_MID--AUDIO_20_R1_2018_wav--4.midi",
 "file87": "data/midis/MIDI-Unprocessed_Schubert1-3_MID--AUDIO_02_R2_2018_wav.midi",
 "file88": "data/midis/MIDI-Unprocessed_Schubert1-3_MID--AUDIO_05_R2_2018_wav.midi",
 "file89": "data/midis/MIDI-Unprocessed_Schubert1-3_MID--AUDIO_07_R2_2018_wav.midi",
 "file90": "data/midis/MIDI-Unprocessed_Schubert4-6_MID--AUDIO_08_R2_2018_wav.midi",
 "file91": "data/midis/MIDI-Unprocessed_Schubert4-6_MID--AUDIO_09_R2_2018_wav.midi",
 "file92": "data/midis/MIDI-Unprocessed_Schubert4-6_MID--AUDIO_10_R2_2018_wav.midi",
 "file93": "data/midis/MIDI-Unprocessed_Schubert7-9_MID--AUDIO_11_R2_2018_wav.midi",
 "file94": "data/midis/MIDI-Unprocessed_Schubert7-9_MID--AUDIO_15_R2_2018_wav.midi",
 "file95": "data/midis/MIDI-Unprocessed_Schubert7-9_MID--AUDIO_16_R2_2018_wav.midi",
 "file96": "data/midis/MIDI-Unprocessed_Schubert10-12_MID--AUDIO_17_R2_2018_wav.midi",
 "file97": "data/midis/MIDI-Unprocessed_Schubert10-12_MID--AUDIO_18_R2_2018_wav.midi",
 "file98": "data/midis/MIDI-Unprocessed_Schubert10-12_MID--AUDIO_20_R2_2018_wav.midi",
 "file99": "data/midis/Super_Mario_Bros_Underworld.mid",
 "file100": "data/midis/Super_Mario_Bros_MainTheme.mid",
 "file101": "data/midis/Super_Mario_Bros_Underwater.mid"
}