{"file0": "MIDI-Unprocessed_Chamber1_MID--AUDIO_07_R3_2018_wav--2.midi",
 "file1": "MIDI-Unprocessed_Chamber2_MID--AUDIO_09_R3_2018_wav--1.midi",
 "file2": "MIDI-Unprocessed_Chamber2_MID--AUDIO_09_R3_2018_wav--3.midi",
 "file3": "MIDI-Unprocessed_Chamber3_MID--AUDIO_10_R3_2018_wav--1.midi",
 "file4": "MIDI-Unprocessed_Chamber3_MID--AUDIO_10_R3_2018_wav--2.midi",
 "file5": "MIDI-Unprocessed_Chamber3_MID--AUDIO_10_R3_2018_wav--3.midi",
 "file6": "MIDI-Unprocessed_Chamber4_MID--AUDIO_11_R3_2018_wav--1.midi",
 "file7": "MIDI-Unprocessed_Chamber4_MID--AUDIO_11_R3_2018_wav--3.midi",
 "file8": "MIDI-Unprocessed_Chamber5_MID--AUDIO_18_R3_2018_wav--1.midi",
 "file9": "MIDI-Unprocessed_Chamber5_MID--AUDIO_18_R3_2018_wav--2.midi",
 "file10": "MIDI-Unprocessed_Chamber6_MID--AUDIO_20_R3_2018_wav--1.midi",
 "file11": "MIDI-Unprocessed_Chamber6_MID--AUDIO_20_R3_2018_wav--2.midi",
 "file12": "MIDI-Unprocessed_Chamber6_MID--AUDIO_20_R3_2018_wav--3.midi",
 "file13": "MIDI-Unprocessed_Recital1-3_MID--AUDIO_01_R1_2018_wav--1.midi",
 "file14": "MIDI-Unprocessed_Recital1-3_MID--AUDIO_01_R1_2018_wav--2.midi",
 "file15": "MIDI-Unprocessed_Recital1-3_MID--AUDIO_01_R1_2018_wav--3.midi",
 "file16": "MIDI-Unprocessed_Recital1-3_MID--AUDIO_01_R1_2018_wav--4.midi",
 "file17": "MIDI-Unprocessed_Recital1-3_MID--AUDIO_02_R1_2018_wav--1.midi",
 "file18": "MIDI-Unprocessed_Recital1-3_MID--AUDIO_02_R1_2018_wav--2.midi",
 "file19": "MIDI-Unprocessed_Recital1-3_MID--AUDIO_02_R1_2018_wav--3.midi",
 "file20": "MIDI-Unprocessed_Recital1-3_MID--AUDIO_02_R1_2018_wav--4.midi",
 "file21": "MIDI-Unprocessed_Recital1-3_MID--AUDIO_03_R1_2018_wav--1.midi",
 "file22": "MIDI-Unprocessed_Recital1-3_MID--AUDIO_03_R1_2018_wav--2.midi",
 "file23": "MIDI-Unprocessed_Recital1-3_MID--AUDIO_03_R1_2018_wav--4.midi",
 "file24": "MIDI-Unprocessed_Recital1-3_MID--AUDIO_03_R1_2018_wav--5.midi",
 "file25": "MIDI-Unprocessed_Recital4_MID--AUDIO_04_R1_2018_wav--1.midi",
 "file26": "MIDI-Unprocessed_Recital4_MID--AUDIO_04_R1_2018_wav--3.midi",
 "file27": "MIDI-Unprocessed_Recital4_MID--AUDIO_04_R1_2018_wav--4.midi",
 "file28": "MIDI-Unprocessed_Recital4_MID--AUDIO_04_R1_2018_wav--5.midi",
 "file29": "MIDI-Unprocessed_Recital5-7_MID--AUDIO_05_R1_2018_wav--1.midi",
 "file30": "MIDI-Unprocessed_Recital5-7_MID--AUDIO_05_R1_2018_wav--2.midi",
 "file31": "MIDI-Unprocessed_Recital5-7_MID--AUDIO_05_R1_2018_wav--3.midi",
 "file32": "MIDI-Unprocessed_Recital5-7_MID--AUDIO_06_R1_2018_wav--1.midi",
 "file33": "MIDI-Unprocessed_Recital5-7_MID--AUDIO_06_R1_2018_wav--2.midi",
 "file34": "MIDI-Unprocessed_Recital5-7_MID--AUDIO_06_R1_2018_wav--3.midi",
 "file35": "MIDI-Unprocessed_Recital5-7_MID--AUDIO_07_R1_2018_wav--1.midi",
 "file36": "MIDI-Unprocessed_Recital5-7_MID--AUDIO_07_R1_2018_wav--2.midi",
 "file37": "MIDI-Unprocessed_Recital5-7_MID--AUDIO_07_R1_2018_wav--3.midi",
 "file38": "MIDI-Unprocessed_Recital5-7_MID--AUDIO_07_R1_2018_wav--4.midi",
 "file39": "MIDI-Unprocessed_Recital8_MID--AUDIO_08_R1_2018_wav--1.midi",
 "file40": "MIDI-Unprocessed_Recital8_MID--AUDIO_08_R1_2018_wav--2.midi",
 "file41": "MIDI-Unprocessed_Recital8_MID--AUDIO_08_R1_2018_wav--3.midi",
 "file42": "MIDI-Unprocessed_Recital8_MID--AUDIO_08_R1_2018_wav--4.midi",
 "file43": "MIDI-Unprocessed_Recital9-11_MID--AUDIO_09_R1_2018_wav--1.midi",
 "file44": "MIDI-Unprocessed_Recital9-11_MID--AUDIO_09_R1_2018_wav--2.midi",
 "file45": "MIDI-Unprocessed_Recital9-11_MID--AUDIO_09_R1_2018_wav--3.midi",
 "file46": "MIDI-Unprocessed_Recital9-11_MID--AUDIO_09_R1_2018_wav--4.midi",
 "file47": "MIDI-Unprocessed_Recital9-11_MID--AUDIO_09_R1_2018_wav--5.midi",
 "file48": "MIDI-Unprocessed_Recital9-11_MID--AUDIO_09_R1_2018_wav--6.midi",
 "file49": "MIDI-Unprocessed_Recital9-11_MID--AUDIO_10_R1_2018_wav--1.midi",
 "file50": "MIDI-Unprocessed_Recital9-11_MID--AUDIO_10_R1_2018_wav--2.midi",
 "file51": "MIDI-Unprocessed_Recital9-11_MID--AUDIO_10_R1_2018_wav--3.midi",
 "file52": "MIDI-Unprocessed_Recital9-11_MID--AUDIO_10_R1_2018_wav--5.midi",
 "file53": "MIDI-Unprocessed_Recital9-11_MID--AUDIO_11_R1_2018_wav--1.midi",
 "file54": "MIDI-Unprocessed_Recital9-11_MID--AUDIO_11_R1_2018_wav--2.midi",
 "file55": "MIDI-Unprocessed_Recital9-11_MID--AUDIO_11_R1_2018_wav--5.midi",
 "file56": "MIDI-Unprocessed_Recital12_MID--AUDIO_12_R1_2018_wav--1.midi",
 "file57": "MIDI-Unprocessed_Recital12_MID--AUDIO_12_R1_2018_wav--2.midi",
 "file58": "MIDI-Unprocessed_Recital12_MID--AUDIO_12_R1_2018_wav--3.midi",
 "file59": "MIDI-Unprocessed_Recital13-15_MID--AUDIO_13_R1_2018_wav--1.midi",
 "file60": "MIDI-Unprocessed_Recital13-15_MID--AUDIO_13_R1_2018_wav--2.midi",
 "file61": "MIDI-Unprocessed_Recital13-15_MID--AUDIO_13_R1_2018_wav--3.midi",
 "file62": "MIDI-Unprocessed_Recital13-15_MID--AUDIO_14_R1_2018_wav--1.midi",
 "file63": "MIDI-Unprocessed_Recital13-15_MID--AUDIO_14_R1_2018_wav--2.midi",
 "file64": "MIDI-Unprocessed_Recital13-15_MID--AUDIO_14_R1_2018_wav--3.midi",
 "file65": "MIDI-Unprocessed_Recital13-15_MID--AUDIO_14_R1_2018_wav--4.midi",
 "file66": "MIDI-Unprocessed_Recital13-15_MID--AUDIO_15_R1_2018_wav--1.midi",
 "file67": "MIDI-Unprocessed_Recital13-15_MID--AUDIO_15_R1_2018_wav--2.midi",
 "file68": "MIDI-Unprocessed_Recital13-15_MID--AUDIO_15_R1_2018_wav--3.midi",
 "file69": "MIDI-Unprocessed_Recital13-15_MID--AUDIO_15_R1_2018_wav--4.midi",
 "file70": "MIDI-Unprocessed_Recital16_MID--AUDIO_16_R1_2018_wav--2.midi",
 "file71": "MIDI-Unprocessed_Recital16_MID--AUDIO_16_R1_2018_wav--3.midi",
 "file72": "MIDI-Unprocessed_Recital17-19_MID--AUDIO_17_R1_2018_wav--1.midi",
 "file73": "MIDI-Unprocessed_Recital17-19_MID--AUDIO_17_R1_2018_wav--2.midi",
 "file74": "MIDI-Unprocessed_Recital17-19_MID--AUDIO_17_R1_2018_wav--3.midi",
 "file75": "MIDI-Unprocessed_Recital17-19_MID--AUDIO_17_R1_2018_wav--4.midi",
 "file76": "MIDI-Unprocessed_Recital17-19_MID--AUDIO_18_R1_2018_wav--1.midi",
 "file77": "MIDI-Unprocessed_Recital17-19_MID--AUDIO_18_R1_2018_wav--2.midi",
 "file78": "MIDI-Unprocessed_Recital17-19_MID--AUDIO_18_R1_2018_wav--3.midi",
 "file79": "MIDI-Unprocessed_Recital17-19_MID--AUDIO_19_R1_2018_wav--1.midi",
 "file80": "MIDI-Unprocessed_Recital17-19_MID--AUDIO_19_R1_2018_wav--2.midi",
 "file81": "MIDI-Unprocessed_Recital17-19_MID--AUDIO_19_R1_2018_wav--3.midi",
 "file82": "MIDI-Unprocessed_Recital17-19_MID--AUDIO_19_R1_2018_wav--4.midi",
 "file83": "MIDI-Unprocessed_Recital17-19_MID--AUDIO_19_R1_2018_wav--5.midi",
 "file84": "MIDI-Unprocessed_Recital17-19_MID--AUDIO_19_R1_2018_wav--6.midi",
 "file85": "MIDI-Unprocessed_Recital20_MID--AUDIO_20_R1_2018_wav--3.midi",
 "file86": "MIDI-Unprocessed_Recital20_MID--AUDIO_20_R1_2018_wav--4.midi",
 "file87": "MIDI-Unprocessed_Schubert1-3_MID--AUDIO_02_R2_2018_wav.midi",
 "file88": "MIDI-Unprocessed_Schubert1-3_MID--AUDIO_05_R2_2018_wav.midi",
 "file89": "MIDI-Unprocessed_Schubert1-3_MID--AUDIO_07_R2_2018_wav.midi",
 "file90": "MIDI-Unprocessed_Schubert4-6_MID--AUDIO_08_R2_2018_wav.midi",
 "file91": "MIDI-Unprocessed_Schubert4-6_MID--AUDIO_09_R2_2018_wav.midi",
 "file92": "MIDI-Unprocessed_Schubert4-6_MID--AUDIO_10_R2_2018_wav.midi",
 "file93": "MIDI-Unprocessed_Schubert7-9_MID--AUDIO_11_R2_2018_wav.midi",
 "file94": "MIDI-Unprocessed_Schubert7-9_MID--AUDIO_15_R2_2018_wav.midi",
 "file95": "MIDI-Unprocessed_Schubert7-9_MID--AUDIO_16_R2_2018_wav.midi",
 "file96": "MIDI-Unprocessed_Schubert10-12_MID--AUDIO_17_R2_2018_wav.midi",
 "file97": "MIDI-Unprocessed_Schubert10-12_MID--AUDIO_18_R2_2018_wav.midi",
 "file98": "MIDI-Unprocessed_Schubert10-12_MID--AUDIO_20_R2_2018_wav.midi",
 "file99": "data/midis/Super_Mario_Bros_Underworld.mid",
 "file100": "data/midis/Super_Mario_Bros_MainTheme.mid",
 "file101": "data/midis/Super_Mario_Bros_Underwater.mid"
}